{"Outdoor": [512.4062703872224, 398.8752259731924, 911.2814963604148, 153.42887037241078, 3.1422165497537273], "Underground": [2.7675070271139646, 1.9994375160221391, 4.766944543136104, 1.2460379923911975, 3.7057453307103705]}