{"Outdoor": [139.5509960734647, 147.37656654544614, 286.9275626189108, 180.1696812788297, 3.9398044270788795], "Underground": [10.866411803199522, 16.431948082637263, 27.298359885836785, 2.0922701953869196, 3.677335274563482]}