{"Outdoor": [283.1459121603293, 318.2073320638984, 601.3532442242276, 178.0097519110836, 3.2916295827114093], "Underground": [3.415029120462716, 7.237477230178641, 10.652506350641357, 1.449129377235587, 3.381897701505082], "Indoor": [2.555607101551171, 5.856571580786807, 8.412178682337977, 4.686267445330879, 3.8461933901641037, 92.86843341084412, 115.9662814818784, 208.8347148927225, 8.036130195908571, 4.65919652247317, 87.48182417990027, 53.83594665579926, 141.31777083569955, 1.8935907255168258, 4.635403568771529, 54.34623939778723, 80.6381785738772, 134.9844179716644, 11.971358567636292, 3.0015146466906915]}