{"Outdoor": [600.994662618458, 673.575686876275, 1274.570349494733, 71.72386083246174, 3.053872369707998], "Underground": [2.801215749532775, 0.7919512579383632, 3.593167007471138, 4.9571497633753765, 3.2511920519757997]}