{"Outdoor": [368.7746635932616, 448.4800518566984, 817.25471544996, 58.83033283871215, 4.810843619939602], "Underground": [2.039872822521042, 4.264202890403787, 6.3040757129248295, 1.4764153516377712, 3.632052105532971]}