{"Outdoor": [600.994662618458, 673.575686876275, 1274.570349494733, 71.72386083246174, 3.053872369707998], "Underground": [2.801215749532775, 0.7919512579383632, 3.593167007471138, 4.9571497633753765, 3.2511920519757997], "Indoor": [2.555607101551171, 5.856571580786807, 8.412178682337977, 4.686267445330879, 3.8461933901641037, 92.86843341084412, 57.38628475730907, 150.2547181681532, 8.036130195908571, 4.65919652247317, 31.41677103363326, 17.289234186692816, 48.70600522032608, 1.824398359546344, 4.337700927475863, 31.094770759041747, 25.50768166153673, 56.60245242057847, 5.668268822589061, 4.822224379010085]}