{"Outdoor": [139.5509960734647, 147.37656654544614, 286.9275626189108, 180.1696812788297, 3.9398044270788795], "Underground": [10.866411803199522, 16.431948082637263, 27.298359885836785, 2.0922701953869196, 3.677335274563482], "Indoor": [2.555607101551171, 5.856571580786807, 8.412178682337977, 4.686267445330879, 3.8461933901641037, 92.86843341084412, 57.38628475730907, 150.2547181681532, 8.036130195908571, 4.65919652247317, 31.41677103363326, 17.289234186692816, 48.70600522032608, 1.824398359546344, 4.337700927475863, 31.094770759041747, 45.535188460873705, 76.62995921991545, 5.668268822589061, 4.822224379010085]}