Names,Minimum,Maximum,Mean/Mode,Standard Deviation
aerosol,0.000133,0.000256,0.000246929,3.28E-05
foam ambiguous,0.000079,0.000079,0.000079,2.75E-20
foam spray,0.000962,1.44,0.118186978,0.357103555
fogging,0.0002625,0.0929,0.071103118,0.039587048
fumigation,0.000025,0.1022,0.005860249,0.019729201
fumigation/liquid,0.001161288,0.001161288,0.001161288,4.41E-19
liquid soaked gauze covering,0.0006,0.0006,0.0006,1.10E-19
liquid soaked gauze wipe,0.0006,0.0006,0.0006,1.74E-18
gel,0.0000785,0.001425,0.000976167,0.00067325
immersion,0.0000785,0.0000785,0.0000785,0
liquid,0.0001,0.005625,0.002698402,0.002638815
liquid ambiguous,0.0000785,0.0064,0.000142884,0.000502511
liquid dropper,0.000133,0.000133,0.000133,0
liquid immersion,0.000025,0.0025,0.000818876,0.000894784
liquid spray,0.0000785,1.44,0.039679383,0.193517412
liquid wipe,0.0177,0.1296,0.096927273,0.047316404
physical,0.000028,0.12645136,0.004336429,0.021823415
